0,53,matrix_0.png
1,22,matrix_1.png
2,46,matrix_2.png
3,50,matrix_3.png
4,51,matrix_4.png
5,51,matrix_5.png
6,41,matrix_6.png
7,40,matrix_7.png
8,47,matrix_8.png
9,49,matrix_9.png
10,44,matrix_10.png
11,41,matrix_11.png
12,46,matrix_12.png
13,49,matrix_13.png
14,45,matrix_14.png
15,42,matrix_15.png
16,50,matrix_16.png
17,49,matrix_17.png
18,43,matrix_18.png
19,49,matrix_19.png
20,38,matrix_20.png
21,34,matrix_21.png
22,39,matrix_22.png
23,50,matrix_23.png
24,40,matrix_24.png
25,36,matrix_25.png
26,41,matrix_26.png
27,43,matrix_27.png
28,46,matrix_28.png
29,53,matrix_29.png
30,39,matrix_30.png
31,45,matrix_31.png
32,42,matrix_32.png
33,47,matrix_33.png
34,47,matrix_34.png
35,49,matrix_35.png
36,47,matrix_36.png
37,34,matrix_37.png
38,39,matrix_38.png
39,44,matrix_39.png
40,41,matrix_40.png
41,39,matrix_41.png
42,48,matrix_42.png
43,46,matrix_43.png
44,42,matrix_44.png
45,40,matrix_45.png
46,50,matrix_46.png
47,40,matrix_47.png
48,41,matrix_48.png
49,40,matrix_49.png
50,44,matrix_50.png
51,56,matrix_51.png
52,39,matrix_52.png
53,34,matrix_53.png
54,46,matrix_54.png
55,47,matrix_55.png
56,39,matrix_56.png
57,43,matrix_57.png
58,46,matrix_58.png
59,36,matrix_59.png
60,33,matrix_60.png
61,34,matrix_61.png
62,50,matrix_62.png
63,39,matrix_63.png
64,43,matrix_64.png
65,43,matrix_65.png
66,34,matrix_66.png
67,55,matrix_67.png
68,43,matrix_68.png
69,44,matrix_69.png
70,49,matrix_70.png
71,49,matrix_71.png
72,52,matrix_72.png
73,49,matrix_73.png
74,38,matrix_74.png
75,34,matrix_75.png
76,55,matrix_76.png
77,39,matrix_77.png
78,54,matrix_78.png
79,46,matrix_79.png
80,45,matrix_80.png
81,47,matrix_81.png
82,48,matrix_82.png
83,30,matrix_83.png
84,40,matrix_84.png
85,41,matrix_85.png
86,50,matrix_86.png
87,41,matrix_87.png
88,40,matrix_88.png
89,49,matrix_89.png
90,40,matrix_90.png
91,45,matrix_91.png
92,36,matrix_92.png
93,55,matrix_93.png
94,43,matrix_94.png
95,31,matrix_95.png
96,54,matrix_96.png
97,47,matrix_97.png
98,44,matrix_98.png
99,42,matrix_99.png
100,40,matrix_100.png
101,53,matrix_101.png
102,41,matrix_102.png
103,47,matrix_103.png
104,42,matrix_104.png
105,43,matrix_105.png
106,45,matrix_106.png
107,53,matrix_107.png
108,44,matrix_108.png
109,41,matrix_109.png
110,45,matrix_110.png
111,44,matrix_111.png
112,25,matrix_112.png
113,44,matrix_113.png
114,29,matrix_114.png
115,40,matrix_115.png
116,41,matrix_116.png
117,39,matrix_117.png
118,40,matrix_118.png
119,48,matrix_119.png
120,51,matrix_120.png
121,52,matrix_121.png
122,41,matrix_122.png
123,47,matrix_123.png
124,36,matrix_124.png
125,48,matrix_125.png
126,55,matrix_126.png
127,38,matrix_127.png
128,35,matrix_128.png
129,47,matrix_129.png
130,43,matrix_130.png
131,42,matrix_131.png
132,42,matrix_132.png
133,41,matrix_133.png
134,50,matrix_134.png
135,48,matrix_135.png
136,42,matrix_136.png
137,44,matrix_137.png
138,31,matrix_138.png
139,58,matrix_139.png
140,49,matrix_140.png
141,41,matrix_141.png
142,45,matrix_142.png
143,48,matrix_143.png
144,41,matrix_144.png
145,45,matrix_145.png
146,38,matrix_146.png
147,44,matrix_147.png
148,51,matrix_148.png
149,49,matrix_149.png
150,34,matrix_150.png
151,47,matrix_151.png
152,47,matrix_152.png
153,53,matrix_153.png
154,53,matrix_154.png
155,45,matrix_155.png
156,48,matrix_156.png
157,40,matrix_157.png
158,38,matrix_158.png
159,50,matrix_159.png
160,44,matrix_160.png
161,45,matrix_161.png
162,51,matrix_162.png
163,45,matrix_163.png
164,35,matrix_164.png
165,45,matrix_165.png
166,42,matrix_166.png
167,52,matrix_167.png
168,45,matrix_168.png
169,38,matrix_169.png
170,39,matrix_170.png
171,45,matrix_171.png
172,49,matrix_172.png
173,53,matrix_173.png
174,33,matrix_174.png
175,39,matrix_175.png
176,49,matrix_176.png
177,40,matrix_177.png
178,38,matrix_178.png
179,56,matrix_179.png
180,46,matrix_180.png
181,54,matrix_181.png
182,47,matrix_182.png
183,43,matrix_183.png
184,42,matrix_184.png
185,49,matrix_185.png
186,41,matrix_186.png
187,41,matrix_187.png
188,47,matrix_188.png
189,43,matrix_189.png
190,39,matrix_190.png
191,52,matrix_191.png
192,46,matrix_192.png
193,39,matrix_193.png
194,41,matrix_194.png
195,48,matrix_195.png
196,37,matrix_196.png
197,36,matrix_197.png
198,37,matrix_198.png
199,43,matrix_199.png
